{
  "article": [
    {
      "avatar": "test.png",
      "username": "Martins Onuoha",
      "time": "10/22/2023",
      "title": "Test 1",
      "summary": "test more text",
      "category": "Test",
      "id": 1
    },
    {
      "avatar": "https://avatars0.githubusercontent.com/u/29035007?s=460&u=d43c9fdb7ae872c84a38aa6a0c04db49cb7e59f4&v=4",
      "username": "Martins Onuoha",
      "time": "10/22/2023",
      "title": "Test 2",
      "summary": "test more text",
      "category": "Test",
      "id": 2
    },
    {
      "avatar": "https://picsum.photos/536/354",
      "username": "Martins Onuoha",
      "time": "10/22/2023",
      "title": "Test 2",
      "summary": "test more text",
      "category": "Test",
      "id": 3
    },
    {
      "avatar": "https://picsum.photos/536/354",
      "username": "Martins Onuoha",
      "time": "10/22/2023",
      "title": "Test 5",
      "summary": "test more text",
      "category": "Test",
      "id": 4
    }
  ],
  "comments": [
    {
      "id": 1,
      "body": "some comment",
      "postId": 1
    }
  ],
  "author": []
}